minute,clock,participantId,champion,team,x,y,zone,totalGold,currentGold,xp,level,laneCS,jungleCS,dmgToChamps_cum,dmgTaken_cum,dmgToChamps_delta,ccApplied_ms
0,00:00,1,Riven,100,603,611,blue_base,500,500,0,1,0,0,0,0,0,0
0,00:00,2,Ekko,100,662,285,blue_base,500,500,0,1,0,0,0,0,0,0
0,00:00,3,Locke,100,362,135,blue_base,500,500,0,1,0,0,0,0,0,0
0,00:00,4,Ashe,100,130,401,blue_base,500,500,0,1,0,0,0,0,0,0
0,00:00,5,Seraphine,100,298,675,blue_base,500,100,0,1,0,0,0,0,0,0
0,00:00,6,Shen,200,14103,14195,red_base,500,500,0,1,0,0,0,0,0,0
0,00:00,7,Diana,200,14426,14170,red_base,500,500,0,1,0,0,0,0,0,0
0,00:00,8,Sylas,200,14321,14673,red_base,500,500,0,1,0,0,0,0,0,0
0,00:00,9,Aphelios,200,14589,14454,red_base,500,500,0,1,0,0,0,0,0,0
0,00:00,10,Janna,200,14055,14493,red_base,500,100,0,1,0,0,0,0,0,0
1,01:00,1,Riven,100,1989,12065,top_lane,500,0,0,1,0,0,0,0,0,0
1,01:00,2,Ekko,100,8038,9856,red_jungle_top,650,150,13,1,0,0,325,298,325,3105
1,01:00,3,Locke,100,7383,7140,mid_lane,940,440,75,1,1,0,345,0,345,4174
1,01:00,4,Ashe,100,12059,2050,bot_lane,500,0,0,1,0,0,0,0,0,0
1,01:00,5,Seraphine,100,12484,1395,bot_lane,505,5,0,1,0,0,0,0,0,0
1,01:00,6,Shen,200,1752,12725,top_lane,500,0,0,1,0,0,0,0,0,0
1,01:00,7,Diana,200,11755,12592,red_jungle_top,500,50,0,1,0,0,210,671,210,0
1,01:00,8,Sylas,200,7614,7780,mid_lane,500,0,0,1,0,0,0,0,0,3339
1,01:00,9,Aphelios,200,13434,2648,bot_lane,505,5,0,1,0,0,0,0,0,0
1,01:00,10,Janna,200,13534,2620,bot_lane,500,0,0,1,0,0,0,0,0,0
2,02:00,1,Riven,100,5238,12189,red_jungle_top,613,113,248,1,0,0,936,886,936,2204
2,02:00,2,Ekko,100,4630,11976,red_jungle_top,897,397,456,2,0,6,963,1293,638,9518
2,02:00,3,Locke,100,5129,12418,red_jungle_top,1155,655,478,2,7,0,475,215,130,10451
2,02:00,4,Ashe,100,11700,2159,bot_lane,783,283,362,2,10,0,707,740,707,52505
2,02:00,5,Seraphine,100,11946,2016,bot_lane,689,189,362,2,1,0,267,461,267,11963
2,02:00,6,Shen,200,3494,13110,top_lane,770,270,412,2,6,0,685,1056,685,15465
2,02:00,7,Diana,200,7584,10957,red_jungle_top,710,260,53,1,0,0,324,1355,114,0
2,02:00,8,Sylas,200,5227,12396,red_jungle_top,1085,585,366,2,7,0,714,266,714,14895
2,02:00,9,Aphelios,200,12065,2286,bot_river,808,308,362,2,11,0,644,312,644,0
2,02:00,10,Janna,200,12356,2848,bot_river,684,184,362,2,1,0,412,776,412,8250
3,03:00,1,Riven,100,2662,13078,top_lane,885,385,744,3,9,0,936,979,0,10576
3,03:00,2,Ekko,100,2531,8211,blue_jungle_top,1214,364,791,3,0,14,963,1959,0,11923
3,03:00,3,Locke,100,7469,7236,mid_lane,1297,147,540,2,8,0,1244,819,769,12390
3,03:00,4,Ashe,100,2852,747,blue_jungle_bot,1029,229,572,2,15,0,824,1305,117,79894
3,03:00,5,Seraphine,100,10157,1130,bot_lane,919,419,882,3,5,0,673,1223,406,19845
3,03:00,6,Shen,200,3267,13235,top_lane,1008,58,656,2,6,0,685,1056,0,17669
3,03:00,7,Diana,200,11940,6579,red_jungle_bot,1027,577,538,2,0,8,324,1787,0,18941
3,03:00,8,Sylas,200,13506,12984,red_base,1611,11,659,2,9,0,1389,1136,675,28368
3,03:00,9,Aphelios,200,11950,2110,bot_lane,1286,786,812,3,20,0,1563,1056,919,8216
3,03:00,10,Janna,200,12120,2086,bot_lane,1175,675,812,3,3,0,724,847,312,12029
4,04:00,1,Riven,100,1838,11765,top_lane,1130,630,1147,4,16,0,1008,1129,72,13515
4,04:00,2,Ekko,100,7796,3735,blue_jungle_bot,1572,722,1246,4,0,26,963,2380,0,15530
4,04:00,3,Locke,100,7033,6919,mid_lane,1553,403,1080,3,14,0,1333,824,89,33848
4,04:00,4,Ashe,100,12116,1921,bot_lane,1338,538,1081,3,24,0,824,1373,0,81196
4,04:00,5,Seraphine,100,8957,6073,bot_river,1059,159,882,3,5,0,673,1223,0,19845
4,04:00,6,Shen,200,2265,12225,top_river,1331,381,1444,4,16,0,835,1219,150,21984
4,04:00,7,Diana,200,6645,11596,red_jungle_top,1390,940,1010,3,0,20,324,1889,0,60445
4,04:00,8,Sylas,200,7643,7814,mid_lane,1878,278,1230,4,18,0,1389,1247,0,45977
4,04:00,9,Aphelios,200,12740,2706,bot_lane,1617,417,1099,3,27,0,1563,1056,0,15129
4,04:00,10,Janna,200,13262,4849,bot_lane,1335,185,993,3,3,0,793,847,69,13164
5,05:00,1,Riven,100,1772,12205,top_lane,1467,967,1873,5,27,0,1390,1711,382,23200
5,05:00,2,Ekko,100,12123,4551,red_jungle_bot,1908,1053,1651,4,1,34,1453,3709,490,42177
5,05:00,3,Locke,100,7271,7163,mid_lane,1816,666,1793,5,22,0,1445,1670,112,63145
5,05:00,4,Ashe,100,11268,1834,bot_lane,1610,810,1520,4,33,0,1648,2263,824,108586
5,05:00,5,Seraphine,100,11586,1551,bot_lane,1280,380,1104,3,5,0,918,2087,245,33174
5,05:00,6,Shen,200,1762,12429,top_lane,1750,800,1940,5,26,0,1289,2004,454,54151
5,05:00,7,Diana,200,11051,3505,bot_river,1942,392,1292,4,0,24,1365,2695,1041,72081
5,05:00,8,Sylas,200,7308,7481,mid_lane,2062,462,1788,5,22,0,2185,1520,796,68964
5,05:00,9,Aphelios,200,11940,2343,bot_river,1857,657,1546,4,34,0,2414,1379,851,35548
5,05:00,10,Janna,200,12208,2523,bot_river,1576,426,1347,4,3,0,1416,1613,623,26126
6,06:00,1,Riven,100,1340,12810,top_lane,2145,1645,2710,6,34,0,2401,2555,1011,34372
6,06:00,2,Ekko,100,4685,9222,top_river,2236,531,2081,5,1,42,1453,4214,0,42511
6,06:00,3,Locke,100,7049,6892,mid_lane,2471,221,2258,5,27,0,1985,2375,540,78308
6,06:00,4,Ashe,100,13507,3022,bot_lane,1834,234,1762,5,39,0,1829,2375,181,121068
6,06:00,5,Seraphine,100,12652,2992,bot_lane,1465,265,1346,4,8,0,985,2210,67,33475
6,06:00,6,Shen,200,13878,14314,red_base,1998,148,2387,5,31,0,1686,3179,397,79734
6,06:00,7,Diana,200,11590,7175,red_jungle_bot,2269,719,1722,5,0,32,1365,2980,0,97913
6,06:00,8,Sylas,200,7583,7657,mid_lane,2662,112,2271,5,24,0,2890,2951,705,85382
6,06:00,9,Aphelios,200,14279,13917,red_base,2541,41,1970,5,42,0,2524,2207,110,35548
6,06:00,10,Janna,200,8432,10399,red_jungle_top,1941,391,1585,4,4,0,1478,1638,62,26159
7,07:00,1,Riven,100,1247,11396,top_lane,2322,135,2865,6,37,0,2401,2565,0,37511
7,07:00,2,Ekko,100,6948,5085,blue_jungle_bot,3072,1367,2601,6,1,47,2804,5288,1351,55770
7,07:00,3,Locke,100,2052,2781,blue_jungle_top,3185,35,2747,6,32,0,3110,4238,1125,94429
7,07:00,4,Ashe,100,12893,3311,bot_lane,2283,683,2113,5,49,0,2155,2383,326,154773
7,07:00,5,Seraphine,100,13074,3520,bot_lane,1780,580,1697,4,9,0,1520,2269,535,44297
7,07:00,6,Shen,200,1680,11736,top_lane,2231,381,2958,6,38,0,1686,3179,0,79734
7,07:00,7,Diana,200,6280,10159,red_jungle_top,2896,1346,2238,5,1,40,2363,3693,998,127980
7,07:00,8,Sylas,200,7573,7824,mid_lane,2942,392,2654,6,32,0,3982,4379,1092,98675
7,07:00,9,Aphelios,200,14078,4574,bot_lane,2814,314,2510,6,49,0,2583,3068,59,35548
7,07:00,10,Janna,200,13726,13264,red_base,2294,44,1770,5,4,0,2018,2703,540,34242
8,08:00,1,Riven,100,2702,13530,top_lane,2709,522,3622,7,51,0,3139,2679,738,45660
8,08:00,2,Ekko,100,3242,7775,blue_jungle_top,3488,233,3194,7,1,58,2804,5734,0,57641
8,08:00,3,Locke,100,7330,7164,mid_lane,3452,302,3181,7,41,0,3178,4297,68,115706
8,08:00,4,Ashe,100,394,461,blue_base,2554,954,2508,6,58,0,2255,2394,100,178150
8,08:00,5,Seraphine,100,1140,1703,blue_base,1971,171,1999,5,10,0,1520,2305,0,44297
8,08:00,6,Shen,200,3403,13585,top_lane,2466,616,3361,7,44,0,1735,3948,49,86165
8,08:00,7,Diana,200,13458,12010,red_jungle_bot,3258,8,2700,6,1,48,2363,3959,0,127980
8,08:00,8,Sylas,200,7535,7943,mid_lane,3208,658,3150,6,41,0,3982,4447,0,113070
8,08:00,9,Aphelios,200,12983,3272,bot_lane,3059,209,2797,6,56,0,2583,3169,0,35548
8,08:00,10,Janna,200,12595,3007,bot_river,2495,240,1964,5,7,0,2018,2703,0,36279
9,09:00,1,Riven,100,5212,13031,top_lane,3514,1327,4744,8,65,0,4848,3729,1709,59755
9,09:00,2,Ekko,100,7666,9959,red_jungle_top,3770,515,3579,7,1,66,2804,6369,0,65189
9,09:00,3,Locke,100,7638,7682,mid_lane,3877,727,4021,7,55,2,3422,4865,244,142470
9,09:00,4,Ashe,100,10574,1498,bot_lane,2895,420,3079,6,69,0,2255,2417,0,185934
9,09:00,5,Seraphine,100,4744,12654,top_lane,2124,324,2267,5,10,0,1520,2321,0,44564
9,09:00,6,Shen,200,4066,13472,top_lane,2690,240,3870,7,50,0,2156,5684,421,90674
9,09:00,7,Diana,200,8059,5709,bot_river,3595,345,3066,6,1,56,2363,4552,0,139980
9,09:00,8,Sylas,200,8802,9122,mid_lane,3508,258,3659,7,50,0,4486,4797,504,128032
9,09:00,9,Aphelios,200,12631,2296,bot_lane,3410,555,3177,6,66,0,2583,3169,0,35548
9,09:00,10,Janna,200,12313,1421,bot_lane,2688,433,2375,5,9,0,2018,2983,0,36279
10,10:00,1,Riven,100,3002,13211,top_lane,3979,304,5098,9,71,0,4848,3729,0,64564
10,10:00,2,Ekko,100,10989,1480,bot_lane,4456,1201,4306,8,1,77,3313,7056,509,84061
10,10:00,3,Locke,100,7519,7386,mid_lane,4564,1414,5077,9,66,2,4878,6343,1456,161525
10,10:00,4,Ashe,100,10065,1008,bot_lane,3128,653,3327,7,71,0,3474,3957,1219,215401
10,10:00,5,Seraphine,100,10937,920,bot_lane,2376,326,2547,6,10,0,1586,3495,66,47904
10,10:00,6,Shen,200,3926,13646,top_lane,2867,417,4100,8,53,0,2156,5933,0,101705
10,10:00,7,Diana,200,9692,891,bot_lane,4198,648,3368,7,1,60,2990,6217,627,159703
10,10:00,8,Sylas,200,7083,7120,mid_lane,3870,620,4292,8,62,0,6107,6787,1621,154985
10,10:00,9,Aphelios,200,12157,1581,bot_lane,3950,1095,3713,7,79,0,4410,4343,1827,37786
10,10:00,10,Janna,200,12246,2022,bot_lane,3029,774,2910,6,11,0,2256,3988,238,41723
11,11:00,1,Riven,100,5766,13248,top_lane,4469,794,6010,9,90,0,5389,4179,541,73315
11,11:00,2,Ekko,100,11673,2896,bot_river,4925,1670,4680,8,6,77,4791,9094,1478,110064
11,11:00,3,Locke,100,7217,7186,mid_lane,4755,305,5418,9,70,2,4965,6527,87,169811
11,11:00,4,Ashe,100,12648,2830,bot_lane,3672,597,3590,7,73,0,5398,4681,1924,231466
11,11:00,5,Seraphine,100,12885,2646,bot_lane,3010,960,3115,6,15,0,1965,3838,379,51644
11,11:00,6,Shen,200,3732,13430,top_lane,3167,717,4720,8,64,0,2387,6547,231,105847
11,11:00,7,Diana,200,12373,2495,bot_river,4794,594,3482,7,1,60,4736,8536,1746,160872
11,11:00,8,Sylas,200,7748,7625,mid_lane,4040,340,4571,8,65,0,6290,6903,183,161600
11,11:00,9,Aphelios,200,12654,2558,bot_lane,4219,1364,4064,8,83,0,5189,5096,779,47044
11,11:00,10,Janna,200,13373,3099,bot_lane,3305,1050,3244,7,11,0,2500,4696,244,60307
12,12:00,1,Riven,100,3670,13387,top_lane,5301,1626,7557,11,99,0,6987,5731,1598,77303
12,12:00,2,Ekko,100,4316,8466,blue_jungle_top,5330,675,5209,9,6,85,4791,9454,0,113070
12,12:00,3,Locke,100,5674,5617,mid_lane,5606,56,6381,10,81,2,6346,7888,1381,192970
12,12:00,4,Ashe,100,10185,919,bot_lane,4441,316,4183,8,84,0,5705,4910,307,262524
12,12:00,5,Seraphine,100,3240,13237,top_lane,3262,262,3550,7,15,0,2064,3890,99,53790
12,12:00,6,Shen,200,4062,13670,top_lane,3448,98,5074,9,71,0,3673,8437,1286,146613
12,12:00,7,Diana,200,9490,8217,mid_lane,5161,561,4057,7,1,68,4736,8650,0,160872
12,12:00,8,Sylas,200,7477,7581,mid_lane,4369,269,5049,9,75,0,7624,8373,1334,177468
12,12:00,9,Aphelios,200,11837,1903,bot_lane,5042,587,4484,8,89,0,5189,5096,0,49582
12,12:00,10,Janna,200,11751,2361,bot_river,3574,619,3385,7,13,0,2500,5102,0,60307
13,13:00,1,Riven,100,2571,12764,top_lane,5533,158,7865,11,106,0,7392,5987,405,83047
13,13:00,2,Ekko,100,11103,6339,red_jungle_bot,5507,852,5364,9,6,85,5525,10036,734,115675
13,13:00,3,Locke,100,8709,8240,mid_lane,6315,765,7293,10,99,2,7346,9025,1000,223971
13,13:00,4,Ashe,100,11370,1924,bot_lane,5042,917,4692,8,91,0,6318,5598,613,284206
13,13:00,5,Seraphine,100,10766,3441,bot_river,3555,555,3990,7,16,0,2486,4319,422,59335
13,13:00,6,Shen,200,3053,13146,top_lane,3647,297,5335,9,73,0,3899,8854,226,146613
13,13:00,7,Diana,200,11429,8042,red_jungle_bot,5491,891,4586,8,5,74,6158,8971,1422,167786
13,13:00,8,Sylas,200,8751,7855,mid_lane,4511,111,5173,9,76,0,7937,10156,313,184048
13,13:00,9,Aphelios,200,12615,2226,bot_river,5491,1036,5011,8,101,0,5877,5717,688,52788
13,13:00,10,Janna,200,12129,4402,red_jungle_bot,3824,869,3715,7,14,0,2588,5266,88,68156
14,14:00,1,Riven,100,4640,4367,mid_lane,6279,29,8484,11,117,0,9045,7415,1653,90838
14,14:00,2,Ekko,100,10475,3597,bot_river,6062,1407,6030,9,6,93,6473,11168,948,129201
14,14:00,3,Locke,100,2654,1871,blue_jungle_bot,6701,251,7629,11,102,2,8963,10446,1617,231085
14,14:00,4,Ashe,100,11790,2223,bot_river,5329,179,4948,8,97,0,6318,5908,0,294430
14,14:00,5,Seraphine,100,10356,2901,blue_jungle_bot,3787,282,4091,8,17,0,2486,5115,0,59335
14,14:00,6,Shen,200,6279,13894,top_lane,3927,577,6586,10,83,0,5276,10914,1377,190635
14,14:00,7,Diana,200,7037,11318,red_jungle_top,5858,83,5273,9,5,84,6890,9816,732,167786
14,14:00,8,Sylas,200,14229,13871,red_base,4633,233,5173,9,76,0,9371,12301,1434,185584
14,14:00,9,Aphelios,200,7357,7663,mid_lane,5831,676,5507,9,112,0,6589,5717,712,52788
14,14:00,10,Janna,200,14216,14209,red_base,4000,345,3715,7,14,0,2826,5266,238,70260
15,15:00,1,Riven,100,4886,11846,red_jungle_top,6775,525,9442,12,132,0,9045,7423,0,95380
15,15:00,2,Ekko,100,7050,4060,blue_jungle_bot,6344,1684,6214,10,7,97,6473,12071,0,129201
15,15:00,3,Locke,100,13006,7365,bot_lane,7200,750,8212,11,106,2,11267,11360,2304,239134
15,15:00,4,Ashe,100,6649,6210,mid_lane,5901,751,5561,9,112,0,6867,5980,549,320851
15,15:00,5,Seraphine,100,13563,2727,bot_lane,4053,548,4492,8,18,0,2769,6653,283,63509
15,15:00,6,Shen,200,6585,13630,top_lane,4132,382,7013,10,88,0,5276,10948,0,190635
15,15:00,7,Diana,200,4531,9099,top_river,6495,720,6455,10,5,104,6890,10190,0,200740
15,15:00,8,Sylas,200,13456,5832,bot_lane,4891,491,5383,9,82,0,11249,14668,1878,197141
15,15:00,9,Aphelios,200,6192,8791,top_river,6510,1355,6153,10,124,0,6589,6108,0,52788
15,15:00,10,Janna,200,13620,8057,bot_lane,4197,501,4053,7,15,0,3164,6048,338,76476
16,16:00,1,Riven,100,6428,13502,top_lane,7298,1048,10019,13,139,0,12313,8888,3268,102360
16,16:00,2,Ekko,100,7216,7391,mid_lane,6828,2168,7102,10,7,105,7990,13946,1517,160203
16,16:00,3,Locke,100,8479,8731,mid_lane,7896,246,8702,12,110,2,12365,12557,1098,256710
16,16:00,4,Ashe,100,8143,8167,mid_lane,6879,1729,6492,10,125,0,8169,7145,1302,372333
16,16:00,5,Seraphine,100,7659,11500,red_jungle_top,4398,353,4826,8,18,0,2928,6857,159,64311
16,16:00,6,Shen,200,7226,13687,top_lane,4398,648,7505,11,97,0,6103,12021,827,201625
16,16:00,7,Diana,200,7149,9058,top_river,6709,934,6745,10,5,108,8103,12419,1213,217237
16,16:00,8,Sylas,200,8372,8535,mid_lane,5142,742,5706,9,88,0,12488,16814,1239,210936
16,16:00,9,Aphelios,200,11004,10496,mid_lane,6633,178,6153,10,124,0,6699,7531,110,57898
16,16:00,10,Janna,200,10548,11298,mid_lane,4387,692,4147,8,16,0,3368,7163,204,79415
17,17:00,1,Riven,100,13451,5688,bot_lane,7843,418,10481,13,147,0,13850,9757,1537,112113
17,17:00,2,Ekko,100,11148,6223,red_jungle_bot,7080,215,7447,11,8,109,7990,14727,0,174166
17,17:00,3,Locke,100,1804,11189,top_lane,8140,40,9175,12,115,2,12365,12734,0,266110
17,17:00,4,Ashe,100,6338,5997,mid_lane,7077,27,6673,10,129,0,8169,7145,0,378779
17,17:00,5,Seraphine,100,10298,6143,red_jungle_bot,4734,689,4886,8,18,4,3070,7811,142,64311
17,17:00,6,Shen,200,5733,13439,top_lane,4671,446,8103,11,104,0,6753,12609,650,215939
17,17:00,7,Diana,200,11206,8354,red_jungle_bot,7186,456,7503,11,6,120,8103,12419,0,217237
17,17:00,8,Sylas,200,13111,5815,bot_lane,5381,981,6029,9,93,0,13037,18172,549,219286
17,17:00,9,Aphelios,200,14340,14391,red_base,7413,958,6569,10,138,0,6699,7790,0,66468
17,17:00,10,Janna,200,13808,8848,bot_lane,4563,68,4699,8,16,0,3368,7163,0,79415
18,18:00,1,Riven,100,13295,6674,bot_lane,8628,1203,11247,13,162,0,15054,10512,1204,116856
18,18:00,2,Ekko,100,12043,7769,red_jungle_bot,7871,1006,8661,12,8,117,8651,15129,661,178742
18,18:00,3,Locke,100,1953,11664,top_lane,8443,343,9653,12,123,2,12624,13649,259,285381
18,18:00,4,Ashe,100,8377,8440,mid_lane,7949,899,7664,11,143,0,9453,8077,1284,416608
18,18:00,5,Seraphine,100,7126,9607,red_jungle_top,4911,225,5013,8,18,4,3070,7881,0,75600
18,18:00,6,Shen,200,6490,13793,top_lane,4966,736,8757,12,115,0,7643,13351,890,242115
18,18:00,7,Diana,200,9861,9230,mid_lane,7492,762,7980,11,17,120,8103,12495,0,217237
18,18:00,8,Sylas,200,12407,9394,red_jungle_bot,5566,1166,6273,10,97,0,13574,19376,537,226770
18,18:00,9,Aphelios,200,9280,9595,mid_lane,7590,534,6693,10,141,0,7608,9561,909,68739
18,18:00,10,Janna,200,10581,10019,mid_lane,4800,305,5234,9,17,0,3447,7304,79,82220
19,19:00,1,Riven,100,10206,13875,top_lane,9262,1837,12061,14,174,0,15869,11714,815,134660
19,19:00,2,Ekko,100,10057,13326,top_lane,8432,1567,9274,12,11,121,9705,16648,1054,189651
19,19:00,3,Locke,100,10108,13230,top_lane,9323,1218,10821,13,133,2,16777,15633,4153,305545
19,19:00,4,Ashe,100,9601,13418,top_lane,8998,1948,8174,11,152,0,10166,9575,713,452950
19,19:00,5,Seraphine,100,9899,13394,top_lane,5298,612,5477,9,18,4,3441,8143,371,79374
19,19:00,6,Shen,200,6866,12914,top_lane,5222,392,9115,12,120,0,8722,16296,1079,258963
19,19:00,7,Diana,200,12212,13637,red_jungle_top,7648,918,8177,11,19,120,9816,13631,1713,221780
19,19:00,8,Sylas,200,8396,14100,top_lane,5730,130,6624,10,100,0,15522,22215,1948,241735
19,19:00,9,Aphelios,200,10913,13839,red_jungle_top,7878,823,6893,10,148,0,8529,10199,921,68739
19,19:00,10,Janna,200,11408,14141,red_jungle_top,4976,481,5556,9,17,0,3630,7434,183,87564
20,20:00,1,Riven,100,13728,5454,bot_lane,9687,2262,12634,14,186,0,16287,12137,418,139503
20,20:00,2,Ekko,100,6855,4670,blue_jungle_bot,8578,213,9274,12,11,121,10502,17764,797,196186
20,20:00,3,Locke,100,6584,6610,mid_lane,9604,299,10946,13,133,6,17405,16565,628,319984
20,20:00,4,Ashe,100,7848,5448,blue_jungle_bot,9325,375,8269,11,153,3,10166,10281,0,487450
20,20:00,5,Seraphine,100,8081,3488,blue_jungle_bot,5598,473,5497,9,18,4,3795,10138,354,92980
20,20:00,6,Shen,200,5075,13624,top_lane,5612,782,10181,13,127,0,9151,16803,429,276705
20,20:00,7,Diana,200,6790,12986,top_lane,8468,933,9069,12,26,124,11139,13828,1323,221780
20,20:00,8,Sylas,200,13291,8890,bot_lane,5983,383,7147,10,105,0,15866,22215,344,250196
20,20:00,9,Aphelios,200,9357,11421,red_jungle_top,9114,459,7435,11,157,0,10166,10443,1637,68739
20,20:00,10,Janna,200,10012,12018,red_jungle_top,5268,372,5965,9,17,0,3838,9132,208,90525
21,21:00,1,Riven,100,2607,2207,blue_jungle_bot,10179,604,13482,15,198,4,16287,12434,0,144283
21,21:00,2,Ekko,100,3367,7305,blue_jungle_top,9054,690,10208,13,11,133,10502,18459,0,223791
21,21:00,3,Locke,100,6389,7384,mid_lane,10174,870,11506,14,137,6,20005,19080,2600,336904
21,21:00,4,Ashe,100,7227,7762,mid_lane,9869,920,9019,12,161,8,10494,10385,328,506993
21,21:00,5,Seraphine,100,6362,9664,top_river,5899,769,5798,9,19,4,3795,10138,0,93781
21,21:00,6,Shen,200,13833,8181,bot_lane,5912,282,10677,13,135,0,9151,17319,0,281015
21,21:00,7,Diana,200,9749,10266,mid_lane,8714,79,9529,12,26,128,11640,16398,501,233139
21,21:00,8,Sylas,200,8219,10107,red_jungle_top,6312,712,7517,11,115,0,15866,22873,0,271767
21,21:00,9,Aphelios,200,9535,9831,mid_lane,9492,832,7789,11,168,0,12035,10930,1869,81808
21,21:00,10,Janna,200,7508,10095,red_jungle_top,5479,294,6119,9,17,0,3983,9132,145,92630
22,22:00,1,Riven,100,3827,13396,top_lane,10616,1041,14923,16,205,4,16287,12706,0,148257
22,22:00,2,Ekko,100,3725,8078,blue_jungle_top,9922,1558,11081,13,11,137,12281,21146,1779,242862
22,22:00,3,Locke,100,6542,6365,mid_lane,10680,1370,12613,14,146,6,21564,19274,1559,349663
22,22:00,4,Ashe,100,6139,6972,mid_lane,10446,1491,10323,13,166,12,12254,10994,1760,530317
22,22:00,5,Seraphine,100,5966,8093,top_river,6350,1220,6763,10,19,4,4530,10742,735,105740
22,22:00,6,Shen,200,8125,10155,red_jungle_top,6055,25,10833,13,136,0,10377,21272,1226,282754
22,22:00,7,Diana,200,8223,10169,red_jungle_top,9173,538,10157,13,31,136,11640,16398,0,233139
22,22:00,8,Sylas,200,13445,3923,bot_lane,6517,917,7965,11,120,0,16509,23290,643,289202
22,22:00,9,Aphelios,200,10024,5802,bot_river,9793,1133,8345,11,178,0,12035,11046,0,93624
22,22:00,10,Janna,200,11005,7502,red_jungle_bot,5670,485,6224,10,18,0,4422,10637,439,98843
23,23:00,1,Riven,100,10266,10176,mid_lane,11214,414,15620,16,216,4,16287,12777,0,151897
23,23:00,2,Ekko,100,11064,9784,mid_lane,10437,1172,12035,14,11,149,13050,22132,769,263671
23,23:00,3,Locke,100,13539,8403,bot_lane,11467,2158,13544,15,160,6,23630,19739,2066,379369
23,23:00,4,Ashe,100,10300,9836,mid_lane,10710,315,10578,13,171,12,12427,10994,173,539902
23,23:00,5,Seraphine,100,9971,9128,mid_lane,6619,239,7080,10,19,4,4623,12330,93,109347
23,23:00,6,Shen,200,9016,13940,top_lane,6390,360,11363,13,146,0,10377,22953,0,332275
23,23:00,7,Diana,200,11847,7066,red_jungle_bot,9295,160,10157,13,31,136,14161,19325,2521,238268
23,23:00,8,Sylas,200,12547,10371,red_jungle_bot,6852,512,8603,12,130,0,16509,23582,0,313015
23,23:00,9,Aphelios,200,11267,11088,mid_lane,10061,381,8611,12,186,0,12035,11175,0,93624
23,23:00,10,Janna,200,11665,10760,red_jungle_bot,5877,687,6689,10,19,0,4422,11000,0,98843
24,24:00,1,Riven,100,11164,11556,mid_lane,11650,481,15732,16,217,4,16287,14634,0,151897
24,24:00,2,Ekko,100,13143,12853,red_base,11099,1829,12389,14,15,149,15696,25360,2646,281842
24,24:00,3,Locke,100,13450,12295,red_jungle_bot,12834,3524,14385,15,171,6,26445,21875,2815,417538
24,24:00,4,Ashe,100,12467,12922,red_jungle_top,11579,1184,11154,13,179,12,14902,11728,2475,570713
24,24:00,5,Seraphine,100,12836,12320,red_jungle_bot,7236,856,7961,11,19,4,4993,13128,370,118401
24,24:00,6,Shen,200,8595,13608,top_lane,6900,870,12390,14,164,0,10377,23327,0,344206
24,24:00,7,Diana,200,13149,12735,red_jungle_bot,9417,283,10360,13,31,136,14895,20470,734,238268
24,24:00,8,Sylas,200,11276,10931,mid_lane,6974,634,8697,12,130,0,17528,26206,1019,322001
24,24:00,9,Aphelios,200,14097,13268,red_base,10276,247,8846,12,191,0,15192,14186,3157,110887
24,24:00,10,Janna,200,10572,11935,mid_lane,6058,218,6875,10,19,0,4753,12967,331,110106
24,24:10,1,Riven,100,12778,12618,red_jungle_bot,11684,514,16076,16,218,4,16287,14634,0,151897
24,24:10,2,Ekko,100,12968,12951,red_base,11244,1975,12658,14,15,149,15823,26207,127,286136
24,24:10,3,Locke,100,13574,13356,red_base,13069,3760,14592,15,171,6,28500,22306,2055,418473
24,24:10,4,Ashe,100,12477,12955,red_jungle_top,11706,1312,11451,14,181,12,16200,11782,1298,580110
24,24:10,5,Seraphine,100,12607,12555,red_jungle_bot,7842,1461,8296,11,19,4,5380,13913,387,131460
24,24:10,6,Shen,200,7928,13765,top_lane,6934,904,12528,14,165,0,10377,23327,0,344206
24,24:10,7,Diana,200,12874,12711,red_jungle_bot,9465,330,10400,13,33,136,16081,22631,1186,251736
24,24:10,8,Sylas,200,14340,14391,red_base,6994,654,8697,12,130,0,17528,26206,0,322001
24,24:10,9,Aphelios,200,13136,12813,red_jungle_bot,10296,266,8886,12,191,0,15960,15944,768,110887
24,24:10,10,Janna,200,14340,14391,red_base,6086,246,6875,10,19,0,4753,12967,0,110106
